Adam Ruzicka <aruzicka@redhat.com>
Amol Gautam <amol_gautam25@yahoo.co.in>
Caleb Boylan <calebboylan@gmail.com>
Graham Mainwaring <gmainwar@redhat.com>
Graham Mainwaring <graham@mhn.org>
Marc Nuri <marc@marcnuri.com>
Ryan Petrello <rpetrell@redhat.com>
Satoe Imaishi <simaishi@redhat.com>
Seth Foster <fosterbseth@gmail.com>
Seth Foster <fosterseth@users.noreply.github.com>
Shane McDonald <me@shanemcd.com>
Shane McDonald <shanemcd@redhat.com>
Yanis Guenane <yguenane@gmail.com>
